<?xml version="1.0" encoding="UTF-8" ?>
<!DOCTYPE mapper
        PUBLIC "-//mybatis.org//DTD Mapper 3.0//EN"
        "https://mybatis.org/dtd/mybatis-3-mapper.dtd">
<mapper namespace="com.green.nottodolistlist.daily.DailyMapper">

    <update id="updDaily">
        UPDATE t_use_list
        SET
        use_cost = #{cost}
        WHERE
        use_list_id = #{useListId}
    </update>

    <select id="selDailyAll">
        select A.use_list_id useListId, B.goal_id goalId, C.name,
            format(A.use_cost,0) useCost, B.cost_category costCategoryId
        from t_use_list as A
        inner join t_monthly_goal as B
        on A.goal_id=B.goal_id
        inner join t_not_todo as C
        on C.not_todo_id=B.not_todo_id
        where date = #{date} and member_id = #{memberId}
    </select>

    <update id="delDaily">
        update t_use_list
        set use_cost=0
        where use_list_id=#{useListId}
    </update>

    <select id="selDailyUseCost">
        select use_cost
        from t_use_list
        where use_list_id = #{useListId}
    </select>

</mapper>